peptide_id,source,Binding_Energy,HBonds,SaltBridges,Hydrophobicity,Length,sequence,mimics_human
anx3,human,-45.9,11,2,-2.02,9,KRKGTDVPK,1
anx7,human,-38.1,10,1,-1.68,9,IRSEFKRKY,1
anx9,human,-42.3,12,2,-1.51,9,RKYGKSLYY,1
kleb5,microbe,-18.2,7,1,-0.25,10,ARAEQVVADY,0
kleb6,microbe,-20.1,8,1,0,11,ARRMYDALPVM,1
kleb7,microbe,-19.9,7,1,-0.32,9,SRSEPVQLL,0
kleb10,microbe,-40.2,10,2,-1.72,9,GRSDFKGDY,1
kleb11,microbe,-41,11,2,-1.27,10,GRSDFKGDYF,0
kleb12,microbe,-16.3,6,0,-1.48,9,SRSDRVAKY,0
kleb a,human,-20.1,3,4,-1.57,10,AKAQTDRENL,1
kleb b,human,-40.2,10,4,-1.54,10,TNTQTYRESL,1
kleb c,human,-20.1,12,6,-1.54,10,TNTQTYRESL,1
kleb d,microbe,-40.2,7,4,-0.4,10,SRFEFKRVL,1
kleb e,microbe,-20.1,8,5,-1.72,10,GRSDFKGDY,1
kleb f,microbe,-18.2,5,1,-1.27,10,GRSDFKGDYF,0
kleb g,microbe,-18.2,2,2,-1.48,10,SRSDRVAKY,0
kleb h,microbe,-40.2,11,4,-3.15,10,NSRQTDREDE,1
